id,fullname,first_name,last_name,email,gender,ssn,vin,date
1,Lynde Cowndley,Lynde,Cowndley,lcowndley0@biblegateway.com,Female,765-06-8820,WAUFFBFL5CN575530,5/24/2022
2,Rodger Danis,Rodger,Danis,rdanis1@cnet.com,Male,287-35-2048,1GYFC562X9R518692,6/12/2022
3,Beulah Newell,Beulah,Newell,bnewell2@ucla.edu,Female,559-30-6465,1G6DV5EP2B0892277,1/4/2022
4,Cati Raeside,Cati,Raeside,craeside3@amazon.co.jp,Female,564-03-4813,3C6TD5GT3CG504130,10/1/2021
5,Trixi Carr,Trixi,Carr,tcarr4@pagesperso-orange.fr,Female,693-43-9453,1NXBU4EE6AZ165226,9/2/2021
6,Ty Horrigan,Ty,Horrigan,thorrigan5@weibo.com,Male,378-41-3048,19UUA66218A597192,8/17/2021
7,Sauveur Fairtlough,Sauveur,Fairtlough,sfairtlough6@wisc.edu,Male,105-37-7650,KMHHT6KD2AU950072,5/21/2022
8,Carlye Rosenschein,Carlye,Rosenschein,crosenschein7@disqus.com,Female,600-67-9799,JTMHY7AJ9A4942117,4/17/2022
9,Dillie Orpwood,Dillie,Orpwood,dorpwood8@ted.com,Male,453-07-2460,2G4GN5EC9B9058855,12/26/2021
10,Kaleb McLeish,Kaleb,McLeish,kmcleish9@intel.com,Male,723-24-4755,WAUAF98E25A895819,3/6/2022
11,Bill Farquarson,Bill,Farquarson,bfarquarsona@columbia.edu,Male,334-66-3167,WVWED7AJ0BW910144,8/20/2021
12,Vanessa Zanini,Vanessa,Zanini,vzaninib@dell.com,Female,852-27-6207,WA1LFAFP8CA734237,2/18/2022
13,Baldwin Pactat,Baldwin,Pactat,bpactatc@economist.com,Male,115-32-6242,1GKS2GEJXDR412655,3/20/2022
14,Ethelind Bolgar,Ethelind,Bolgar,ebolgard@discuz.net,Non-binary,814-35-6406,WVWGU7AN2AE638745,8/7/2021
15,Mireielle Crosse,Mireielle,Crosse,mcrossee@photobucket.com,Female,375-82-0258,WP0AD2A75EL134556,5/26/2022
16,Kori Seeman,Kori,Seeman,kseemanf@ucla.edu,Female,114-56-5196,JN8AF5MR2BT258955,1/31/2022
17,Brit Lines,Brit,Lines,blinesg@wsj.com,Female,478-11-1444,YV1672MSXB2125408,2/15/2022
18,Christoph Papa,Christoph,Papa,cpapah@latimes.com,Polygender,253-86-1167,WAUVVAFR5CA061925,1/31/2022
19,Nevins Kilshaw,Nevins,Kilshaw,nkilshawi@themeforest.net,Male,159-13-9870,WBADW7C55BE229521,11/25/2021
20,Leanor Shoemark,Leanor,Shoemark,lshoemarkj@census.gov,Non-binary,858-57-5215,3D4PG5FV3AT460920,10/25/2021
21,Eldon Ilsley,Eldon,Ilsley,eilsleyk@latimes.com,Male,728-48-7037,WBA3B5C55FF468983,11/6/2021
22,Tiertza Mitskevich,Tiertza,Mitskevich,tmitskevichl@marriott.com,Female,189-24-9713,WBAVA37537N184267,4/19/2022
23,Weylin Trowbridge,Weylin,Trowbridge,wtrowbridgem@gizmodo.com,Male,151-97-8822,WA1AGBFE6CD499277,2/7/2022
24,Simeon Broadfoot,Simeon,Broadfoot,sbroadfootn@list-manage.com,Male,841-96-6933,2C3CCADTXCH650621,9/14/2021
25,Alene Hayer,Alene,Hayer,ahayero@privacy.gov.au,Female,138-73-4335,5FNYF3H21CB111106,7/25/2021
26,Hastings Tidy,Hastings,Tidy,htidyp@washingtonpost.com,Agender,716-22-9445,WAUKD78P39A221264,9/4/2021
27,Jaimie Butten,Jaimie,Butten,jbuttenq@ameblo.jp,Female,404-07-7795,5NPDH4AE4DH370131,12/23/2021
28,Kaylil Potbury,Kaylil,Potbury,kpotburyr@diigo.com,Female,102-54-5731,WBAPK5C52AA912005,8/5/2021
29,Nedi Storrier,Nedi,Storrier,nstorriers@w3.org,Female,116-37-8954,1G4GF5G36DF538498,7/22/2021
30,Horace Rubinovici,Horace,Rubinovici,hrubinovicit@princeton.edu,Genderfluid,100-74-2351,1G6DX67D360616991,5/19/2022
31,Leia Wield,Leia,Wield,lwieldu@unesco.org,Female,321-83-7845,JN1CV6FE7BM799696,11/23/2021
32,Olly Hempel,Olly,Hempel,ohempelv@photobucket.com,Male,209-46-0101,KNADH4A35B6948319,9/2/2021
33,Johannah Banasik,Johannah,Banasik,jbanasikw@google.com.br,Female,517-01-0540,5TDDCRFH1ES614828,5/21/2022
34,Hollie Helks,Hollie,Helks,hhelksx@stanford.edu,Female,826-28-5948,1FTEW1C89AK667177,5/3/2022
35,Shurlock Layzell,Shurlock,Layzell,slayzelly@blinklist.com,Male,169-38-1464,WAUFFAFM9AA062949,4/16/2022
36,Gerta MacTrustie,Gerta,MacTrustie,gmactrustiez@nymag.com,Female,871-31-8286,WAUDFAFL7AA673495,6/26/2022
37,Virgina Dunrige,Virgina,Dunrige,vdunrige10@cbslocal.com,Female,780-11-6548,1FTEW1E87AK609968,8/2/2021
38,Elonore Pinwill,Elonore,Pinwill,epinwill11@discuz.net,Female,150-63-5443,5UXZV4C59BL750858,11/12/2021
39,Kenton Fredson,Kenton,Fredson,kfredson12@shinystat.com,Male,355-66-3785,WAUFL54D11N830368,11/29/2021
40,Nanete O'Hdirscoll,Nanete,O'Hdirscoll,nohdirscoll13@t.co,Female,278-79-0439,WBAYM9C59ED623584,3/11/2022
41,Michael Sivell,Michael,Sivell,msivell14@msu.edu,Male,873-88-7360,1GYS4JEF7DR318712,9/30/2021
42,Larry Carder,Larry,Carder,lcarder15@mozilla.com,Male,114-59-2524,SCBLC31E52C021916,6/1/2022
43,Bennie Hayhurst,Bennie,Hayhurst,bhayhurst16@is.gd,Male,416-74-2486,WAUEH98E97A278397,10/13/2021
44,Willey Davydochkin,Willey,Davydochkin,wdavydochkin17@acquirethisname.com,Male,233-72-3835,5N1BA0NE9FN242951,5/7/2022
45,Tonie Mapledoore,Tonie,Mapledoore,tmapledoore18@dot.gov,Female,713-40-1532,4A31K2DFXAE584045,1/14/2022
46,Emmey Loxton,Emmey,Loxton,eloxton19@flavors.me,Female,680-54-9006,1FTEW1CF7FK408712,9/13/2021
47,Kathy Shaudfurth,Kathy,Shaudfurth,kshaudfurth1a@oaic.gov.au,Female,490-16-6083,2C3CDXBG4EH997936,12/31/2021
48,Boothe Shatliffe,Boothe,Shatliffe,bshatliffe1b@hubpages.com,Non-binary,523-30-7412,WAUEV94F27N915629,9/6/2021
49,Roda Barbe,Roda,Barbe,rbarbe1c@cornell.edu,Female,113-81-5987,W04GU5GC2B1584893,9/27/2021
50,Norrie Lezemore,Norrie,Lezemore,nlezemore1d@merriam-webster.com,Female,180-50-8581,3N1CN7AP1FL223830,12/5/2021
51,Carmine Overpool,Carmine,Overpool,coverpool1e@reverbnation.com,Male,436-27-7748,19UUA8F73DA102976,7/21/2021
52,Normand Ellph,Normand,Ellph,nellph1f@aol.com,Non-binary,430-09-2526,1FTEW1C83FK506492,8/26/2021
53,Elonore Johnigan,Elonore,Johnigan,ejohnigan1g@whitehouse.gov,Female,433-99-6411,JH4CL95845C333328,4/16/2022
54,Persis Yakovl,Persis,Yakovl,pyakovl1h@loc.gov,Female,708-03-0002,2C3CDYCJ5EH433731,3/3/2022
55,Crin Camplejohn,Crin,Camplejohn,ccamplejohn1i@hhs.gov,Female,115-22-7694,WAUJT54B04N968884,7/25/2021
56,Maisey Acheson,Maisey,Acheson,macheson1j@bandcamp.com,Female,598-54-0122,5TDBK3EH1DS609345,5/31/2022
57,Binny Boram,Binny,Boram,bboram1k@typepad.com,Female,866-75-7139,1VWAH7A32DC384623,4/27/2022
58,Sarina McBeth,Sarina,McBeth,smcbeth1l@alexa.com,Female,682-81-8542,WDDHF2EB1BA418254,4/7/2022
59,Moshe Fensome,Moshe,Fensome,mfensome1m@answers.com,Male,276-96-4848,1G6AH1RX0F0117074,3/7/2022
60,Christopher Marini,Christopher,Marini,cmarini1n@elpais.com,Male,746-89-9780,3C3CFFJH0FT495982,5/13/2022
61,Deb Manston,Deb,Manston,dmanston1o@spotify.com,Female,317-14-5390,2C3CDXBG5CH957751,9/7/2021
62,Ambur Iannetti,Ambur,Iannetti,aiannetti1p@fema.gov,Female,636-30-6381,SCBFR7ZA2CC502034,9/6/2021
63,Cecil Foulstone,Cecil,Foulstone,cfoulstone1q@macromedia.com,Male,706-45-7900,WAULC58E24A291020,4/6/2022
64,Bevan Stegel,Bevan,Stegel,bstegel1r@ucsd.edu,Male,464-80-4338,1D7RV1GP6AS234818,7/21/2021
65,Renata Nathan,Renata,Nathan,rnathan1s@constantcontact.com,Female,307-46-2218,5N1AR2MM8EC877727,5/25/2022
66,Farly Restieaux,Farly,Restieaux,frestieaux1t@jalbum.net,Male,114-74-5794,WBABN33473J846728,9/1/2021
67,Chrissie Plumridege,Chrissie,Plumridege,cplumridege1u@histats.com,Male,717-07-6159,WDDHF7GB8FB793651,8/4/2021
68,Rebecca Franies,Rebecca,Franies,rfranies1v@soundcloud.com,Female,777-51-3824,1D7RE3BK0BS947111,2/4/2022
69,Lurleen Corrado,Lurleen,Corrado,lcorrado1w@springer.com,Female,815-91-7069,2C3CCAET1CH325466,12/11/2021
70,Edythe Liddell,Edythe,Liddell,eliddell1x@instagram.com,Female,747-95-8252,WBA3C1C55CF036671,8/13/2021
71,Jeffie Longwood,Jeffie,Longwood,jlongwood1y@plala.or.jp,Male,747-24-3049,WAUWFBFLXAA728990,5/10/2022
72,Brig Josephoff,Brig,Josephoff,bjosephoff1z@psu.edu,Male,363-18-3642,2G4GK5EX2F9442087,2/3/2022
73,Dody Kell,Dody,Kell,dkell20@woothemes.com,Female,171-47-1689,WAUEF98EX7A403140,9/1/2021
74,Illa Winman,Illa,Winman,iwinman21@google.com.au,Female,615-79-7099,JHMZF1D41ES656548,5/14/2022
75,Roxi Huelin,Roxi,Huelin,rhuelin22@dell.com,Female,631-15-9656,WAUMFAFL0AN884806,10/29/2021
76,Cara Wisbey,Cara,Wisbey,cwisbey23@whitehouse.gov,Female,284-10-8521,19XFA1E59AE759241,3/23/2022
77,Daniel Clowser,Daniel,Clowser,dclowser24@google.fr,Male,458-58-6118,5NPET4AC1AH964009,11/26/2021
78,Terry Brooke,Terry,Brooke,tbrooke25@aol.com,Female,393-98-0576,JN1AJ0HP8CM821219,10/27/2021
79,Marcello Ivins,Marcello,Ivins,mivins26@cdc.gov,Male,865-76-9314,WVWBB7AJ7DW325198,4/4/2022
80,Morty Frowen,Morty,Frowen,mfrowen27@webeden.co.uk,Male,171-29-7769,1N6AF0LX0EN753630,1/13/2022
81,Nat Sunter,Nat,Sunter,nsunter28@yellowpages.com,Male,489-21-2911,5N1AN0NU6CC001959,11/24/2021
82,Orlan Forsdicke,Orlan,Forsdicke,oforsdicke29@foxnews.com,Male,388-15-7760,2C3CA7CW4AH854705,9/26/2021
83,Gretel Calway,Gretel,Calway,gcalway2a@free.fr,Female,358-15-2574,JTDJTUD34DD445928,3/18/2022
84,Carlyn Webben,Carlyn,Webben,cwebben2b@comsenz.com,Female,465-01-8990,WBALW7C5XCD339807,9/29/2021
85,Marybeth Patrie,Marybeth,Patrie,mpatrie2c@meetup.com,Female,392-94-1291,WAUJC68E45A190205,5/24/2022
86,Barthel Reyburn,Barthel,Reyburn,breyburn2d@miitbeian.gov.cn,Male,828-41-4505,2G4WF551141983929,12/4/2021
87,Frasco Gillings,Frasco,Gillings,fgillings2e@dot.gov,Male,894-76-6633,3C4PDDGG5ET381304,5/17/2022
88,Wyatan McNicol,Wyatan,McNicol,wmcnicol2f@godaddy.com,Male,806-19-2279,WBADX7C5XDJ305483,7/23/2021
89,Rachael Eatock,Rachael,Eatock,reatock2g@elpais.com,Female,569-45-5446,JH4CL959X6C734568,10/6/2021
90,Angelika Shevelin,Angelika,Shevelin,ashevelin2h@virginia.edu,Female,573-04-2758,1C4NJCBA3FD075397,6/6/2022
91,Nataniel Huebner,Nataniel,Huebner,nhuebner2i@utexas.edu,Male,356-67-5747,1C6RD7KP5CS641854,12/26/2021
92,Johnath Tilne,Johnath,Tilne,jtilne2j@nps.gov,Female,659-50-8108,WAULT68E45A322985,6/3/2022
93,Leopold Mayling,Leopold,Mayling,lmayling2k@kickstarter.com,Male,379-32-1878,5N1AA0NC0BN617064,6/27/2022
94,Nelli Spataro,Nelli,Spataro,nspataro2l@wp.com,Female,576-22-4045,1B3AZ6EZ6AV809030,8/14/2021
95,Christal Latimer,Christal,Latimer,clatimer2m@gnu.org,Female,425-86-5740,19UUA9F24AA594519,5/15/2022
96,Kendre Straniero,Kendre,Straniero,kstraniero2n@cam.ac.uk,Bigender,896-23-4178,3D7JB1EK1AG278245,10/3/2021
97,Phebe Renol,Phebe,Renol,prenol2o@samsung.com,Genderqueer,803-90-7897,1GYS4HEF3BR306952,10/25/2021
98,Marylee Winton,Marylee,Winton,mwinton2p@eventbrite.com,Female,863-24-7784,3C63D3FL0CG989493,5/7/2022
99,Shel Doncom,Shel,Doncom,sdoncom2q@plala.or.jp,Female,879-80-4633,1FMJU1H54AE504983,5/27/2022
100,Gaspar Layman,Gaspar,Layman,glayman2r@loc.gov,Male,657-34-2999,1C4NJCBA7FD372107,2/5/2022
